city,county,state,fips,latitude,longitude,population,redState,unemploymentRate,povertyProp,tempDiff,numDisasters,avgEmissionsPerCapita,UNFCCC,hasCommitments,hasActionsUndertaken,hasEmissionInventory,hasInitiativeParticipations,hasImpact,hasMitigations,hasAdaptations,hasRiskAssessments,hasClimateActionPlans,hasFinanceActions
Park Forest,Cook,IL,17031.0,41.4817,-87.6867,21042.0,False,0.048,0.138,0.017488095238093138,60.0,15.483333333333333,False,True,True,False,False,False,True,True,True,True,False
Emeryville,Alameda,CA,6001.0,37.8382,-122.2932,12840.0,False,0.053,0.094,-0.8213214285714301,284.0,8.716666666666669,False,True,True,True,True,False,True,True,True,True,False
Grand Rapids,Kent,MI,26081.0,42.9619,-85.6562,609023.0,False,0.039,0.099,-0.7531666666666652,37.0,15.283333333333333,False,True,True,False,True,False,True,True,True,False,False
Fremont,Alameda,CA,6001.0,37.5265,-121.9843,228795.0,False,0.053,0.094,-0.8213214285714301,284.0,8.716666666666669,False,True,True,True,True,False,True,True,True,True,False
Fort Worth,Tarrant,TX,48439.0,32.7817,-97.3474,924663.0,True,0.039,0.11599999999999999,-0.08552380952381,255.0,23.05,False,False,True,False,False,False,False,True,False,False,False
Fort Collins,Larimer,CO,8069.0,40.5477,-105.0656,335398.0,False,0.035,0.11199999999999999,-0.07192857142857179,80.0,15.333333333333334,False,True,True,True,True,False,True,True,True,True,False
Flagstaff,Coconino,AZ,4005.0,35.1872,-111.6194,80167.0,False,0.041,0.16899999999999998,-0.5132976190476164,68.0,12.383333333333335,False,True,True,True,True,False,True,True,True,True,False
Fayetteville,Washington,AR,5143.0,36.0714,-94.1661,394650.0,True,0.036,0.124,0.912119047619047,71.0,20.983333333333334,False,True,True,False,True,False,True,True,True,True,False
Evanston,Cook,IL,17031.0,42.0464,-87.6943,77181.0,False,0.048,0.138,0.017488095238093138,60.0,15.483333333333333,False,True,True,True,True,False,True,False,False,False,False
Eugene,Lane,OR,41039.0,44.0564,-123.1174,270990.0,False,0.042,0.14400000000000002,-1.1447023809523849,79.0,9.316666666666666,False,True,True,True,True,True,True,True,True,True,False
Encinitas,San Diego,CA,6073.0,33.0492,-117.261,61942.0,False,0.053,0.107,-0.8213214285714301,284.0,8.716666666666669,False,True,True,True,False,True,True,True,True,True,False
Eau Claire,Eau Claire,WI,55035.0,44.8197,-91.4948,109491.0,False,0.03,0.125,-1.2923571428571456,47.0,16.3,False,True,True,True,True,False,True,True,False,True,False
Cupertino,Santa Clara,CA,6085.0,37.3168,-122.0466,59763.0,False,0.053,0.069,-0.8213214285714301,284.0,8.716666666666669,False,True,True,True,True,False,True,True,True,True,False
Easton,Northampton,PA,42095.0,40.6858,-75.2209,28883.0,False,0.034,0.09699999999999999,-0.3781428571428549,59.0,16.566666666666666,False,True,True,True,True,False,True,True,False,True,False
Durham,Durham,NC,37063.0,35.9792,-78.9022,399616.0,True,0.035,0.134,0.8821071428571443,59.0,11.483333333333334,False,True,True,False,False,False,True,False,False,False,False
Duluth,St. Louis,MN,27137.0,46.7756,-92.1393,118574.0,False,0.027,0.138,-2.001428571428576,60.0,15.733333333333333,False,True,True,False,True,False,True,True,True,True,False
Dubuque,Dubuque,IA,19061.0,42.5002,-90.707,68601.0,True,0.029,0.081,-1.4649642857142844,63.0,23.683333333333337,False,True,True,True,True,False,True,True,True,True,False
Dublin,Alameda,CA,6001.0,37.7161,-121.8963,71068.0,False,0.053,0.094,-0.8213214285714301,284.0,8.716666666666669,False,False,True,False,False,False,True,False,False,False,False
Detroit,Wayne,MI,26163.0,42.3834,-83.1024,3725908.0,False,0.039,0.196,-0.7531666666666652,37.0,15.283333333333333,False,True,True,True,True,True,True,False,False,False,False
Des Moines,Polk,IA,19153.0,41.5725,-93.6105,548926.0,True,0.029,0.10099999999999999,-1.4649642857142844,63.0,23.683333333333337,False,True,True,True,True,False,True,True,True,True,False
Denver,Denver,CO,8031.0,39.762,-104.8758,2687458.0,False,0.035,0.11699999999999999,-0.07192857142857179,80.0,15.333333333333334,False,True,True,True,True,False,True,True,True,True,False
Denton,Denton,TX,48121.0,33.2175,-97.1418,438492.0,True,0.039,0.07400000000000001,-0.08552380952381,255.0,23.05,False,True,True,False,True,False,True,True,True,False,False
Greenbelt,Prince George's,MD,24033.0,38.9953,-76.8885,24646.0,False,0.024,0.115,-0.1876785714285738,32.0,9.183333333333332,False,True,True,False,True,False,True,True,False,True,False
Greensboro,Guilford,NC,37081.0,36.0956,-79.8271,347130.0,True,0.035,0.135,0.8821071428571443,59.0,11.483333333333334,False,True,True,False,False,False,True,False,True,True,True
Gretna,Jefferson,LA,22051.0,29.9101,-90.0515,17640.0,True,0.042,0.175,1.2045357142857114,79.0,40.93333333333333,False,False,True,False,False,False,True,False,False,False,False
Hallandale Beach,Broward,FL,12011.0,25.9854,-80.1423,41102.0,True,0.031,0.128,1.8295714285714304,130.0,10.883333333333333,False,True,True,True,True,False,True,True,True,True,False
Long Beach,Los Angeles,CA,6037.0,33.7977,-118.167,462293.0,False,0.053,0.141,-0.8213214285714301,284.0,8.716666666666669,False,False,True,True,True,False,True,True,True,True,True
Las Vegas,Clark,NV,32003.0,36.2333,-115.2654,2248047.0,False,0.052,0.151,-1.1436547619047666,73.0,13.083333333333334,False,True,True,True,True,False,True,True,True,True,False
Lansing,Ingham,MI,26065.0,42.7142,-84.5601,322561.0,False,0.039,0.158,-0.7531666666666652,37.0,15.283333333333333,False,True,False,False,True,False,False,False,False,False,False
Lakewood,Jefferson,CO,8059.0,39.6977,-105.1172,156149.0,False,0.035,0.073,-0.07192857142857179,80.0,15.333333333333334,False,True,True,True,True,False,True,True,True,True,False
Lake Forest,Lake,IL,17097.0,42.238,-87.8596,19436.0,False,0.048,0.085,0.017488095238093138,60.0,15.483333333333333,False,True,True,False,False,False,True,True,False,True,False
La Crosse,La Crosse,WI,55063.0,43.8241,-91.2268,94627.0,False,0.03,0.121,-1.2923571428571456,47.0,16.3,False,True,True,True,True,False,True,True,True,True,False
Knoxville,Knox,TN,47093.0,35.9692,-83.9496,615829.0,True,0.033,0.121,1.395500000000002,69.0,13.716666666666667,False,True,True,True,True,False,True,True,True,True,False
Key West,Monroe,FL,12087.0,24.5642,-81.7775,26078.0,True,0.031,0.11,1.8295714285714304,130.0,10.883333333333333,False,True,True,False,False,False,True,False,False,False,False
Jersey City,Hudson,NJ,34017.0,40.7184,-74.0686,287899.0,False,0.048,0.159,-0.4110119047619065,50.0,10.799999999999999,False,True,True,True,True,False,True,True,True,True,False
Ithaca,Tompkins,NY,36109.0,42.4442,-76.5032,31359.0,False,0.044,0.162,-0.9301904761904787,95.0,8.316666666666666,False,True,True,True,True,False,True,False,False,False,False
Iowa City,Johnson,IA,19103.0,41.6559,-91.5303,130736.0,True,0.029,0.147,-1.4649642857142844,63.0,23.683333333333337,False,True,True,True,True,False,True,True,True,True,False
Indianapolis,Marion,IN,18097.0,39.7771,-86.1458,1729849.0,True,0.035,0.151,0.5251547619047621,48.0,25.883333333333336,False,True,True,True,True,False,True,True,False,True,False
Houston,Harris,TX,48201.0,29.786,-95.3885,5970127.0,True,0.039,0.16399999999999998,-0.08552380952381,255.0,23.05,False,True,True,True,True,False,True,True,True,True,False
Hollywood,Broward,FL,12011.0,26.0293,-80.1679,152764.0,True,0.031,0.128,1.8295714285714304,130.0,10.883333333333333,False,True,True,False,False,False,True,True,True,True,False
Holland,Ottawa,MI,26139.0,42.7677,-86.0984,105134.0,False,0.039,0.075,-0.7531666666666652,37.0,15.283333333333333,False,False,True,False,False,False,True,False,False,False,False
Hoboken,Hudson,NJ,34017.0,40.7452,-74.0281,58754.0,False,0.048,0.159,-0.4110119047619065,50.0,10.799999999999999,False,True,True,False,True,False,True,True,True,True,False
Highland Park,Lake,IL,17097.0,42.1823,-87.8104,30209.0,False,0.048,0.085,0.017488095238093138,60.0,15.483333333333333,False,False,True,True,True,False,True,True,True,False,False
Henderson,Clark,NV,32003.0,36.0133,-115.0381,318063.0,False,0.052,0.151,-1.1436547619047666,73.0,13.083333333333334,False,False,True,True,False,False,True,True,True,False,False
Hayward,Alameda,CA,6001.0,37.6328,-122.0766,160602.0,False,0.053,0.094,-0.8213214285714301,284.0,8.716666666666669,False,True,True,True,True,False,True,True,True,True,False
Dallas,Dallas,TX,48113.0,32.7935,-96.7667,5830932.0,True,0.039,0.14400000000000002,-0.08552380952381,255.0,23.05,False,True,True,True,True,False,True,True,True,True,False
Culver City,Los Angeles,CA,6037.0,34.0058,-118.3968,40357.0,False,0.053,0.141,-0.8213214285714301,284.0,8.716666666666669,False,True,True,False,False,False,True,True,True,False,False
Los Angeles,Los Angeles,CA,6037.0,34.1141,-118.4068,11922389.0,False,0.053,0.141,-0.8213214285714301,284.0,8.716666666666669,False,True,True,True,True,False,True,True,True,True,True
Alton,Madison,IL,17119.0,38.9037,-90.152,78729.0,False,0.048,0.114,0.017488095238093138,60.0,15.483333333333333,False,False,False,False,True,False,True,False,False,True,False
Baltimore,Baltimore,MD,24510.0,39.3051,-76.6144,2196524.0,False,0.024,0.22899999999999998,-0.1876785714285738,32.0,9.183333333333332,False,True,True,True,True,False,True,True,True,True,False
Austin,Travis,TX,48453.0,30.3005,-97.7522,1905945.0,True,0.039,0.11199999999999999,-0.08552380952381,255.0,23.05,False,True,True,True,True,True,True,True,True,True,False
Aurora,Kane,IL,17089.0,41.7638,-88.2902,181405.0,False,0.048,0.086,0.017488095238093138,60.0,15.483333333333333,False,False,True,False,True,False,True,True,False,True,False
Atlanta,Fulton,GA,13121.0,33.7628,-84.422,5180179.0,False,0.031,0.13699999999999998,,65.0,12.716666666666669,False,True,True,True,True,False,True,True,True,True,True
Aspen,Pitkin,CO,8097.0,39.1951,-106.8369,6952.0,False,0.035,0.067,-0.07192857142857179,80.0,15.333333333333334,False,True,True,True,True,False,True,True,True,True,False
Ashland,Jackson,OR,41029.0,42.1905,-122.6992,21401.0,False,0.042,0.135,-1.1447023809523849,79.0,9.316666666666666,False,False,True,False,False,False,True,True,False,True,False
Asheville,Buncombe,NC,37021.0,35.5707,-82.5537,294013.0,True,0.035,0.11699999999999999,0.8821071428571443,59.0,11.483333333333334,False,True,True,False,False,False,True,True,True,True,True
Ann Arbor,Washtenaw,MI,26161.0,42.2759,-83.731,308983.0,False,0.039,0.124,-0.7531666666666652,37.0,15.283333333333333,False,True,True,True,True,False,True,True,True,True,False
Anchorage,Anchorage,AK,2020.0,61.1508,-149.1091,290674.0,True,0.047,0.095,-3.913523809523813,55.0,47.68333333333334,False,True,True,True,True,False,True,True,False,True,False
Allentown,Lehigh,PA,42077.0,40.5961,-75.4756,627863.0,False,0.034,0.111,-0.3781428571428549,59.0,16.566666666666666,False,False,True,False,False,False,True,True,False,True,False
Columbus,Franklin,OH,39049.0,39.9862,-82.9855,1572546.0,True,0.037,0.14300000000000002,0.5749285714285755,54.0,17.01666666666667,False,True,True,True,True,False,True,True,True,True,False
Albuquerque,Bernalillo,NM,35001.0,35.1054,-106.6465,769986.0,False,0.039,0.152,-0.1509166666666708,83.0,22.53333333333333,False,True,True,False,False,False,True,True,False,True,False
Albany,Albany,NY,36001.0,42.6664,-73.7987,590694.0,False,0.044,0.11900000000000001,-0.9301904761904787,95.0,8.316666666666666,False,True,True,True,True,False,True,True,True,True,False
Alameda,Alameda,CA,6001.0,37.7668,-122.267,77565.0,False,0.053,0.094,-0.8213214285714301,284.0,8.716666666666669,False,True,True,True,True,False,True,True,True,True,False
Honolulu,Honolulu,HI,15003.0,21.3294,-157.846,348547.0,False,0.031,0.1,0.47530952380952307,45.0,13.216666666666667,False,True,True,True,True,False,True,True,True,True,True
Broward County,,FL,,,,,,,,,,,,True,True,True,True,False,True,True,True,True,False
Boulder County,,CO,,,,,,,,,,,,True,True,True,False,False,True,True,True,True,False
Arlington,Arlington,VA,51013.0,38.8786,-77.1011,235845.0,False,0.03,0.079,0.3780833333333362,64.0,12.283333333333333,False,False,True,True,True,False,True,True,True,True,False
Abington Township,,PA,,,,,,,,,,,,False,True,True,False,False,True,True,True,True,False
Beaverton,Washington,OR,41067.0,45.4779,-122.8168,97554.0,False,0.042,0.086,-1.1447023809523849,79.0,9.316666666666666,False,True,True,True,True,False,True,True,False,True,False
Bellingham,Whatcom,WA,53073.0,48.7548,-122.469,129880.0,False,0.047,0.13,-2.111226190476188,136.0,10.266666666666667,False,True,True,True,True,False,True,True,False,True,False
Bend,Deschutes,OR,41017.0,44.0563,-121.3095,111774.0,False,0.042,0.087,-1.1447023809523849,79.0,9.316666666666666,False,True,True,False,False,False,True,False,False,True,False
Berkeley,Alameda,CA,6001.0,37.8722,-122.276,121385.0,False,0.053,0.094,-0.8213214285714301,284.0,8.716666666666669,False,True,True,True,True,False,True,True,True,True,False
Columbia,Richland,SC,45079.0,34.0378,-80.9036,604065.0,True,0.031,0.17,1.4022976190476157,30.0,13.733333333333334,False,True,True,False,True,False,True,False,False,True,True
Columbia,Boone,MO,29019.0,38.9472,-92.3268,142637.0,True,0.033,0.166,0.14886904761904773,69.0,19.35,False,True,True,True,True,False,True,True,True,True,False
Cleveland,Cuyahoga,OH,39035.0,41.4764,-81.6805,1680247.0,True,0.037,0.162,0.5749285714285755,54.0,17.01666666666667,False,True,True,True,True,False,True,True,True,True,True
Cincinnati,Hamilton,OH,39061.0,39.1413,-84.506,1692702.0,True,0.037,0.157,0.5749285714285755,54.0,17.01666666666667,False,True,True,False,True,False,True,True,True,True,False
Chula Vista,San Diego,CA,6073.0,32.6281,-117.0144,276103.0,False,0.053,0.107,-0.8213214285714301,284.0,8.716666666666669,False,True,True,False,True,False,True,True,True,True,False
Chicago,Cook,IL,17031.0,41.8375,-87.6866,8497759.0,False,0.048,0.138,0.017488095238093138,60.0,15.483333333333333,False,True,True,True,True,False,True,True,True,True,True
Charlottesville,Charlottesville,VA,51540.0,38.0375,-78.4855,103760.0,False,0.03,0.21600000000000003,0.3780833333333362,64.0,12.283333333333333,False,True,True,True,True,False,True,True,True,True,False
Charlotte,Mecklenburg,NC,37119.0,35.2083,-80.8303,1427444.0,True,0.035,0.102,0.8821071428571443,59.0,11.483333333333334,False,True,True,True,True,False,True,True,True,True,False
Carmel,Hamilton,IN,18057.0,39.965,-86.146,99453.0,True,0.035,0.038,0.5251547619047621,48.0,25.883333333333336,False,False,True,True,True,True,True,False,False,False,False
Cambridge,Middlesex,MA,25017.0,42.3759,-71.1185,117962.0,False,0.029,0.077,-0.6152499999999996,47.0,8.799999999999999,False,True,True,True,True,False,True,True,True,True,False
Burlington,Chittenden,VT,50007.0,44.4876,-73.2316,123307.0,False,0.023,0.1,-0.890785714285709,45.0,9.133333333333335,False,False,True,True,True,True,True,False,False,True,False
Buffalo,Erie,NY,36029.0,42.9018,-78.8487,944589.0,False,0.044,0.13699999999999998,-0.9301904761904787,95.0,8.316666666666666,False,False,True,False,False,False,True,True,False,True,False
Boynton Beach,Palm Beach,FL,12099.0,26.5281,-80.0811,80068.0,True,0.031,0.11599999999999999,1.8295714285714304,130.0,10.883333333333333,False,True,True,True,True,False,True,True,True,True,False
Boulder,Boulder,CO,8013.0,40.0248,-105.2524,118090.0,False,0.035,0.107,-0.07192857142857179,80.0,15.333333333333334,False,True,True,True,True,False,True,True,True,True,False
Boston,Suffolk,MA,25025.0,42.3188,-71.0852,4328315.0,False,0.029,0.185,-0.6152499999999996,47.0,8.799999999999999,False,True,True,True,True,False,True,True,True,True,False
Boise,Ada,ID,16001.0,43.6005,-116.2308,449776.0,True,0.033,0.087,-1.2147976190476228,44.0,10.866666666666667,False,True,True,False,True,False,True,True,False,True,False
Bloomington,Monroe,IN,18105.0,39.1637,-86.5257,108387.0,True,0.035,0.21100000000000002,0.5251547619047621,48.0,25.883333333333336,False,True,True,True,True,False,True,True,True,True,True
Birmingham,Jefferson,AL,1073.0,33.5279,-86.7971,782111.0,True,0.03,0.16899999999999998,1.6794404761904822,82.0,21.900000000000002,False,False,True,False,True,False,True,True,False,False,False
Bethlehem,Northampton,PA,42095.0,40.6266,-75.3679,76555.0,False,0.034,0.09699999999999999,-0.3781428571428549,59.0,16.566666666666666,False,False,True,True,True,False,False,True,True,True,False
Longmont,Boulder,CO,8013.0,40.1686,-105.1005,101642.0,False,0.035,0.107,-0.07192857142857179,80.0,15.333333333333334,False,True,True,True,False,False,True,True,True,True,False
Davis,Yolo,CA,6113.0,38.5553,-121.737,77874.0,False,0.053,0.14800000000000002,-0.8213214285714301,284.0,8.716666666666669,False,True,False,False,True,False,True,False,False,True,False
Louisville,Jefferson,KY,21111.0,38.1663,-85.6485,963812.0,True,0.044,0.145,1.1291190476190494,74.0,25.833333333333332,False,True,True,True,True,False,True,True,True,True,False
Urbana,Champaign,IL,17019.0,40.1107,-88.1973,38741.0,False,0.048,0.15,0.017488095238093138,60.0,15.483333333333333,False,True,False,False,True,False,False,False,False,False,False
Ferndale,Oakland,MI,26125.0,42.4592,-83.1313,19264.0,False,0.039,0.078,-0.7531666666666652,37.0,15.283333333333333,False,True,True,False,True,False,True,False,False,False,False
District of Columbia,,DC,,,,,,,,,,,,True,True,True,True,False,True,True,True,True,False
Dane County,,WI,,,,,,,,,,,,True,True,False,True,False,True,True,True,True,False
Cuyahoga County,,OH,,,,,,,,,,,,True,True,True,True,False,True,True,True,True,False
Winston-Salem,Forsyth,NC,37067.0,36.1029,-80.261,427706.0,True,0.035,0.14300000000000002,0.8821071428571443,59.0,11.483333333333334,False,False,True,True,False,False,True,True,True,True,False
Winona,Winona,MN,27169.0,44.0505,-91.6684,26083.0,False,0.027,0.12300000000000001,-2.001428571428576,60.0,15.733333333333333,False,True,True,False,True,False,True,True,False,True,False
Wilmington,New Hanover,NC,37129.0,34.2099,-77.8866,268625.0,True,0.035,0.11900000000000001,0.8821071428571443,59.0,11.483333333333334,False,True,True,False,False,False,True,True,False,False,False
West Palm Beach,Palm Beach,FL,12099.0,26.7469,-80.132,117588.0,True,0.031,0.11599999999999999,1.8295714285714304,130.0,10.883333333333333,False,True,True,True,True,False,True,True,True,True,False
West Hollywood,Los Angeles,CA,6037.0,34.0883,-118.3719,35358.0,False,0.053,0.141,-0.8213214285714301,284.0,8.716666666666669,False,True,True,True,True,True,True,True,False,True,False
Tumwater,Thurston,WA,53067.0,46.9891,-122.9175,25617.0,False,0.047,0.099,-2.111226190476188,136.0,10.266666666666667,False,True,True,True,True,False,True,True,False,True,False
Savannah,Chatham,GA,13051.0,32.0286,-81.1821,316050.0,False,0.031,0.155,,65.0,12.716666666666669,False,False,True,True,True,False,False,True,True,False,False
Tempe,Maricopa,AZ,4013.0,33.3881,-111.9319,181005.0,False,0.041,0.113,-0.5132976190476164,68.0,12.383333333333335,False,True,True,True,True,False,True,True,True,True,False
Tampa,Hillsborough,FL,12057.0,27.9945,-82.4447,2861173.0,True,0.031,0.14300000000000002,1.8295714285714304,130.0,10.883333333333333,False,True,True,True,True,False,False,False,False,False,True
Takoma Park,Montgomery,MD,24031.0,38.981,-77.0028,17542.0,False,0.024,0.085,-0.1876785714285738,32.0,9.183333333333332,False,True,True,True,True,False,True,True,True,True,False
Tacoma,Pierce,WA,53053.0,47.2431,-122.4531,219234.0,False,0.047,0.08199999999999999,-2.111226190476188,136.0,10.266666666666667,False,True,True,False,True,False,True,True,True,True,True
St. Petersburg,Pinellas,FL,12103.0,27.7931,-82.6652,259343.0,True,0.031,0.12300000000000001,1.8295714285714304,130.0,10.883333333333333,False,True,True,True,True,False,True,True,True,True,False
St Louis,,MO,,,,,,,,,,,,True,True,True,True,True,True,True,True,True,False
Spokane,Spokane,WA,53063.0,47.6671,-117.433,456219.0,False,0.047,0.11199999999999999,-2.111226190476188,136.0,10.266666666666667,False,True,True,False,False,False,False,False,False,False,True
South Bend,St. Joseph,IN,18141.0,41.6767,-86.2696,278061.0,True,0.035,0.14300000000000002,0.5251547619047621,48.0,25.883333333333336,False,True,True,True,True,False,True,True,False,True,False
Somerville,Middlesex,MA,25017.0,42.3908,-71.1014,80464.0,False,0.029,0.077,-0.6152499999999996,47.0,8.799999999999999,False,True,True,True,True,False,True,True,True,True,False
Kansas City,Jackson,MO,29095.0,39.1238,-94.5541,1689556.0,True,0.033,0.131,0.14886904761904773,69.0,19.35,False,True,True,True,True,False,True,True,True,True,False
Nashville,Davidson,TN,47037.0,36.1715,-86.7842,1177657.0,True,0.033,0.15,1.395500000000002,69.0,13.716666666666667,False,True,True,True,True,False,True,True,True,True,False
Madison,Dane,WI,55025.0,43.0822,-89.393,451652.0,False,0.03,0.113,-1.2923571428571456,47.0,16.3,False,True,True,False,True,False,True,True,False,True,False
Township of Maplewood,,NJ,,,,,,,,,,,,False,True,False,False,False,True,True,False,False,False
York,,ME,,,,,,,,,,,,True,True,True,True,False,True,True,True,True,False
Vail,Eagle,CO,8037.0,39.6385,-106.3613,4833.0,False,0.035,0.071,-0.07192857142857179,80.0,15.333333333333334,False,True,True,False,False,False,True,True,True,True,False
Princeton,Mercer,NJ,34021.0,40.3562,-74.6693,30450.0,False,0.048,0.10400000000000001,-0.4110119047619065,50.0,10.799999999999999,False,True,True,False,False,False,True,True,False,False,False
Lexington,,MA,,,,,,,,,,,,True,True,True,True,False,True,True,True,True,False
Chapel Hill,Orange,NC,37135.0,35.9271,-79.0391,58919.0,True,0.035,0.122,0.8821071428571443,59.0,11.483333333333334,False,True,True,False,False,False,True,True,True,True,False
Breckenridge,Summit,CO,8117.0,39.4995,-106.0432,5017.0,False,0.035,0.067,-0.07192857142857179,80.0,15.333333333333334,False,True,True,True,False,False,True,True,True,True,False
Blacksburg,Montgomery,VA,51121.0,37.23,-80.4279,71277.0,False,0.03,0.233,0.3780833333333362,64.0,12.283333333333333,False,False,False,True,True,True,True,False,False,True,False
Acton,,MA,,,,,,,,,,,,True,True,False,True,False,False,True,True,True,False
Summit County,,UT,,,,,,,,,,,,True,True,False,False,False,True,True,False,True,False
Santa Fe County,,NM,,,,,,,,,,,,True,True,False,True,False,True,True,True,False,True
San Rafael,Marin,CA,6041.0,37.9905,-122.5221,60891.0,False,0.053,0.078,-0.8213214285714301,284.0,8.716666666666669,False,False,True,True,True,False,True,True,False,True,False
San Luis Obispo,San Luis Obispo,CA,6079.0,35.2669,-120.669,47529.0,False,0.053,0.131,-0.8213214285714301,284.0,8.716666666666669,False,True,True,True,True,True,True,True,True,True,False
Orange County,,NC,,,,,,,,,,,,True,True,True,False,True,True,False,False,False,False
North Miami,Miami-Dade,FL,12086.0,25.9008,-80.1686,59854.0,True,0.031,0.152,1.8295714285714304,130.0,10.883333333333333,False,False,False,False,True,False,False,False,False,False,False
New York City,Queens,NY,36081.0,40.6943,-73.9249,18908608.0,False,0.044,0.136,-0.9301904761904787,95.0,8.316666666666666,False,True,True,True,True,False,True,True,True,True,False
Miami-Dade,,FL,,,,,,,,,,,,True,True,True,True,False,True,True,True,True,False
Seattle,King,WA,53033.0,47.6211,-122.3244,3561397.0,False,0.047,0.09300000000000001,-2.111226190476188,136.0,10.266666666666667,False,True,True,True,True,False,True,True,True,True,False
Hastings-on-Hudson,Westchester,NY,36119.0,40.9904,-73.8799,8456.0,False,0.044,0.094,-0.9301904761904787,95.0,8.316666666666666,False,True,True,True,True,False,True,True,True,False,False
Santa Monica,Los Angeles,CA,6037.0,34.0235,-118.481,92168.0,False,0.053,0.141,-0.8213214285714301,284.0,8.716666666666669,False,True,True,True,True,False,True,True,True,True,False
New Bedford,Bristol,MA,25005.0,41.6697,-70.9428,153701.0,False,0.029,0.11900000000000001,-0.6152499999999996,47.0,8.799999999999999,False,True,True,True,True,False,True,True,True,True,False
Oxford,Butler,OH,39017.0,39.5061,-84.7446,22051.0,True,0.037,0.11599999999999999,0.5749285714285755,54.0,17.01666666666667,False,True,True,True,False,False,True,True,False,True,False
Orlando,Orange,FL,12095.0,28.4773,-81.337,1882705.0,True,0.031,0.149,1.8295714285714304,130.0,10.883333333333333,False,True,True,True,True,False,True,True,False,True,False
Omaha,Douglas,NE,31055.0,41.2627,-96.0529,821345.0,True,0.025,0.11699999999999999,-1.3741547619047623,62.0,25.23333333333333,False,False,True,False,False,False,True,True,True,False,False
Olympia,Thurston,WA,53067.0,47.0417,-122.8959,210877.0,False,0.047,0.099,-2.111226190476188,136.0,10.266666666666667,False,True,False,True,True,False,True,False,False,True,False
Oberlin,Lorain,OH,39093.0,41.286,-82.2198,8194.0,True,0.037,0.128,0.5749285714285755,54.0,17.01666666666667,False,True,True,False,True,False,True,False,False,True,False
Oakland,Alameda,CA,6001.0,37.7904,-122.2166,437825.0,False,0.053,0.094,-0.8213214285714301,284.0,8.716666666666669,False,True,True,True,True,False,True,True,True,True,False
Northampton,Hampshire,MA,25015.0,42.3266,-72.6745,28245.0,False,0.029,0.11699999999999999,-0.6152499999999996,47.0,8.799999999999999,False,True,True,False,True,False,True,False,False,False,False
Newark,Essex,NJ,34013.0,40.7245,-74.1725,307355.0,False,0.048,0.151,-0.4110119047619065,50.0,10.799999999999999,False,True,False,False,False,False,False,False,False,False,False
New Orleans,Orleans,LA,22071.0,30.0687,-89.9288,932759.0,True,0.042,0.252,1.2045357142857114,79.0,40.93333333333333,False,True,True,True,True,False,True,True,True,True,False
Natchez,Adams,MS,28001.0,31.5437,-91.3867,14380.0,True,0.031,0.258,1.5567261904761907,72.0,20.983333333333334,False,False,False,False,True,False,False,False,False,False,False
Park City,Summit,UT,49043.0,40.6502,-111.5013,8379.0,True,0.028,0.057999999999999996,-0.5405119047619067,34.0,18.833333333333332,False,True,True,True,True,False,True,True,True,True,False
Moab,Grand,UT,49019.0,38.5701,-109.5478,5329.0,True,0.028,0.111,-0.5405119047619067,34.0,18.833333333333332,False,True,True,False,True,False,True,True,False,True,False
Miramar,Broward,FL,12011.0,25.9773,-80.3351,135158.0,True,0.031,0.128,1.8295714285714304,130.0,10.883333333333333,False,False,True,False,True,False,False,True,False,False,False
Minneapolis,Hennepin,MN,27053.0,44.9635,-93.2678,2892569.0,False,0.027,0.1,-2.001428571428576,60.0,15.733333333333333,False,True,True,True,True,False,True,True,True,True,True
Milwaukee,Milwaukee,WI,55079.0,43.0642,-87.9675,1290940.0,False,0.03,0.17800000000000002,-1.2923571428571456,47.0,16.3,False,True,True,True,True,False,True,True,True,True,False
Miami,Miami-Dade,FL,12086.0,25.784,-80.2101,6080145.0,True,0.031,0.152,1.8295714285714304,130.0,10.883333333333333,False,True,True,True,True,False,True,True,True,True,False
Miami Beach,Miami-Dade,FL,12086.0,25.8171,-80.1396,82400.0,True,0.031,0.152,1.8295714285714304,130.0,10.883333333333333,False,True,True,True,True,False,True,True,False,True,False
Memphis,Shelby,TN,47157.0,35.1087,-89.9663,1037998.0,True,0.033,0.18,1.395500000000002,69.0,13.716666666666667,False,True,True,True,True,False,True,True,True,True,False
Medford,Middlesex,MA,25017.0,42.4234,-71.1087,61748.0,False,0.029,0.077,-0.6152499999999996,47.0,8.799999999999999,False,True,True,True,True,False,True,True,True,True,False
Santa Cruz,Santa Cruz,CA,6087.0,36.9789,-122.0346,167835.0,False,0.053,0.106,-0.8213214285714301,284.0,8.716666666666669,False,True,True,True,True,False,True,True,True,True,False
Palo Alto,Santa Clara,CA,6085.0,37.3905,-122.1468,67901.0,False,0.053,0.069,-0.8213214285714301,284.0,8.716666666666669,False,True,True,True,True,False,True,True,True,True,False
Manhattan Beach,Los Angeles,CA,6037.0,33.8894,-118.3967,35123.0,False,0.053,0.141,-0.8213214285714301,284.0,8.716666666666669,False,True,True,True,True,False,True,True,True,True,False
Philadelphia,Philadelphia,PA,42101.0,40.0077,-75.1339,5683533.0,False,0.034,0.223,-0.3781428571428549,59.0,16.566666666666666,False,True,True,True,True,False,True,True,True,True,False
Rochester,Monroe,NY,36055.0,43.168,-77.6162,699921.0,False,0.044,0.133,-0.9301904761904787,95.0,8.316666666666666,False,True,True,True,True,False,True,True,True,True,False
Phoenix,Maricopa,AZ,4013.0,33.5722,-112.0892,4064275.0,False,0.041,0.113,-0.5132976190476164,68.0,12.383333333333335,False,True,True,True,True,False,True,True,True,True,False
San Leandro,Alameda,CA,6001.0,37.7074,-122.1599,89723.0,False,0.053,0.094,-0.8213214285714301,284.0,8.716666666666669,False,True,True,True,True,True,True,False,False,False,False
San José,,CA,,,,,,,,,,,,True,True,True,True,False,True,True,True,True,False
San Francisco,San Francisco,CA,6075.0,37.7558,-122.4449,3364979.0,False,0.053,0.114,-0.8213214285714301,284.0,8.716666666666669,False,True,True,True,True,False,True,True,True,True,True
San Diego,San Diego,CA,6073.0,32.8313,-117.1222,3046560.0,False,0.053,0.107,-0.8213214285714301,284.0,8.716666666666669,False,True,True,True,True,False,True,True,True,True,False
Salem,Essex,MA,25009.0,42.5129,-70.9021,44541.0,False,0.029,0.096,-0.6152499999999996,47.0,8.799999999999999,False,True,True,True,True,False,True,True,True,True,False
Saint Paul,,MN,,,,,,,,,,,,True,True,True,True,False,True,True,True,True,True
Sacramento,Sacramento,CA,6067.0,38.5677,-121.4685,1957738.0,False,0.053,0.13,-0.8213214285714301,284.0,8.716666666666669,False,True,True,False,True,False,True,True,False,True,False
San Antonio,Bexar,TX,48029.0,29.4632,-98.5238,2058444.0,True,0.039,0.14800000000000002,-0.08552380952381,255.0,23.05,False,True,True,True,True,False,True,True,True,True,False
Roanoke,Roanoke,VA,51770.0,37.2785,-79.9581,218533.0,False,0.03,0.179,0.3780833333333362,64.0,12.283333333333333,False,True,False,True,True,False,False,False,False,False,False
Reno,Washoe,NV,32031.0,39.5497,-119.8483,457702.0,False,0.052,0.11,-1.1436547619047666,73.0,13.083333333333334,False,True,True,False,True,False,True,True,True,True,False
Racine,Racine,WI,55101.0,42.7274,-87.8135,132006.0,False,0.03,0.124,-1.2923571428571456,47.0,16.3,False,False,True,False,True,False,True,False,False,False,False
Piedmont,Alameda,CA,6001.0,37.8225,-122.2301,11161.0,False,0.053,0.094,-0.8213214285714301,284.0,8.716666666666669,False,True,True,True,True,False,True,True,True,True,False
Providence,Providence,RI,44007.0,41.823,-71.4187,1290271.0,False,0.039,0.14300000000000002,-0.5364523809523831,22.0,9.566666666666668,False,True,True,True,True,False,True,True,True,True,False
Portland,Multnomah,OR,41051.0,45.5371,-122.65,2095808.0,False,0.042,0.124,-1.1447023809523849,79.0,9.316666666666666,False,True,True,True,True,False,True,True,True,True,True
Portland,Cumberland,ME,23005.0,43.6773,-70.2715,209491.0,False,0.034,0.077,-0.4012976190476216,56.0,10.949999999999998,False,True,True,True,False,False,True,True,True,True,False
Pittsburgh,Allegheny,PA,42003.0,40.4397,-79.9763,1749091.0,False,0.034,0.113,-0.3781428571428549,59.0,16.566666666666666,False,True,True,True,True,False,True,True,True,True,False
Richmond,Richmond,VA,51760.0,37.5295,-77.4756,1073223.0,False,0.03,0.21100000000000002,0.3780833333333362,64.0,12.283333333333333,False,True,True,False,False,False,True,True,False,True,False
Deerfield Beach,Broward,FL,12011.0,26.305,-80.1277,86455.0,True,0.031,0.128,1.8295714285714304,130.0,10.883333333333333,False,False,False,False,True,False,False,False,False,False,False
Dedham,,MA,,,,,,,,,,,,False,False,False,True,False,False,False,False,False,False
Jackson,Hinds,MS,28049.0,32.3157,-90.2125,335171.0,True,0.031,0.252,1.5567261904761907,72.0,20.983333333333334,False,False,False,False,True,False,False,False,False,False,False
Kennebunk,,ME,,,,,,,,,,,,False,False,False,True,False,False,False,False,False,False
Clarkston,DeKalb,GA,13089.0,33.8117,-84.2403,14553.0,False,0.031,0.145,,65.0,12.716666666666669,False,False,False,False,True,False,False,False,False,False,False
Beverly,Essex,MA,25009.0,42.5681,-70.8627,42414.0,False,0.029,0.096,-0.6152499999999996,47.0,8.799999999999999,False,True,True,False,True,False,True,True,True,True,False
Benicia,Solano,CA,6095.0,38.0725,-122.1526,27040.0,False,0.053,0.1,-0.8213214285714301,284.0,8.716666666666669,False,False,False,False,True,False,False,False,False,False,False
Belfast,Waldo,ME,23027.0,44.4279,-69.0325,6953.0,False,0.034,0.131,-0.4012976190476216,56.0,10.949999999999998,False,False,False,False,True,False,False,False,False,False,False
Augusta-Richmond County,,GA,,,,,,,,,,,,False,False,False,True,False,False,False,False,False,False
Ashland,Ashland,WI,55003.0,46.5799,-90.8713,7903.0,False,0.03,0.146,-1.2923571428571456,47.0,16.3,False,False,False,False,True,False,False,False,False,False,False
Apopka,,Fl,,,,,,,,,,,,False,False,False,True,False,False,False,False,False,False
Adams County,,MA,,,,,,,,,,,,False,False,False,True,False,False,False,False,False,False
Bladensburg,Prince George's,MD,24033.0,38.9424,-76.9264,9574.0,False,0.024,0.115,-0.1876785714285738,32.0,9.183333333333332,False,False,False,False,True,False,False,False,False,False,False
Camden,,ME,,,,,,,,,,,,False,False,False,True,False,False,False,False,False,False
Brownsville,Cameron,TX,48061.0,25.9975,-97.458,215269.0,True,0.039,0.24600000000000002,-0.08552380952381,255.0,23.05,False,False,False,False,True,False,False,False,False,False,False
Bridgeport,Greater Bridgeport,CT,9120.0,41.1918,-73.1954,908251.0,False,0.045,,-0.5519761904761893,31.0,9.883333333333333,False,False,False,False,True,False,False,False,False,False,False
West Chester,Chester,PA,42029.0,39.9601,-75.6058,19016.0,False,0.034,0.066,-0.3781428571428549,59.0,16.566666666666666,False,False,False,False,True,False,False,False,False,False,False
Ithaca,Tompkins,NY,36109.0,42.4442,-76.5032,31359.0,False,0.044,0.162,-0.9301904761904787,95.0,8.316666666666666,False,False,False,False,True,False,False,False,False,False,False
Lancaster,Los Angeles,CA,6037.0,34.6935,-118.1753,171465.0,False,0.053,0.141,-0.8213214285714301,284.0,8.716666666666669,False,False,False,False,True,False,False,False,False,False,False
South Haven,Van Buren,MI,26159.0,42.4011,-86.2677,3999.0,False,0.039,0.133,-0.7531666666666652,37.0,15.283333333333333,False,False,False,False,True,False,False,False,False,False,False
Sonoma,Sonoma,CA,6097.0,38.2902,-122.4598,10702.0,False,0.053,0.091,-0.8213214285714301,284.0,8.716666666666669,False,False,False,False,True,False,False,False,False,False,False
Solana Beach,San Diego,CA,6073.0,32.9943,-117.2574,12946.0,False,0.053,0.107,-0.8213214285714301,284.0,8.716666666666669,False,False,False,False,True,False,False,False,False,False,False
Schenectady,Schenectady,NY,36093.0,42.8025,-73.9275,68476.0,False,0.044,0.129,-0.9301904761904787,95.0,8.316666666666666,False,False,False,False,True,False,False,False,False,False,False
Sarasota,Sarasota,FL,12115.0,27.3387,-82.5432,55508.0,True,0.031,0.086,1.8295714285714304,130.0,10.883333333333333,False,True,False,False,True,False,False,False,False,False,False
Santa Barbara,Santa Barbara,CA,6083.0,34.4285,-119.7202,199023.0,False,0.053,0.152,-0.8213214285714301,284.0,8.716666666666669,False,False,False,False,True,False,False,False,False,False,False
Salt Lake City,Salt Lake,UT,49035.0,40.7776,-111.9311,1173879.0,True,0.028,0.08800000000000001,-0.5405119047619067,34.0,18.833333333333332,False,True,True,False,True,False,True,True,False,True,False
Wisconsin Rapids,Wood,WI,55141.0,44.3927,-89.8265,18783.0,False,0.03,0.113,-1.2923571428571456,47.0,16.3,False,False,False,False,True,False,False,False,False,False,False
White Plains,Westchester,NY,36119.0,41.022,-73.7547,59421.0,False,0.044,0.094,-0.9301904761904787,95.0,8.316666666666666,False,True,False,False,True,False,False,False,False,False,False
Wellfleet,,MA,,,,,,,,,,,,False,True,True,True,False,True,False,True,False,False
Vicksburg,Warren,MS,28149.0,32.3173,-90.8868,21337.0,True,0.031,0.207,1.5567261904761907,72.0,20.983333333333334,False,False,False,False,True,False,False,False,False,False,False
University City,St. Louis,MO,29189.0,38.6657,-90.3315,34850.0,True,0.033,0.105,0.14886904761904773,69.0,19.35,False,False,False,False,True,False,False,False,False,False,False
Durham,Durham,NC,37063.0,35.9792,-78.9022,399616.0,True,0.035,0.134,0.8821071428571443,59.0,11.483333333333334,False,True,True,True,False,False,True,False,False,False,False
Surfside,Miami-Dade,FL,12086.0,25.8787,-80.125,5625.0,True,0.031,0.152,1.8295714285714304,130.0,10.883333333333333,False,False,False,False,True,False,False,False,False,False,False
Yountville,Napa,CA,6055.0,38.3963,-122.3671,3397.0,False,0.053,0.09,-0.8213214285714301,284.0,8.716666666666669,False,False,False,False,True,False,False,False,False,False,False
Richmond,Contra Costa,CA,6013.0,37.9477,-122.3389,115619.0,False,0.053,0.08800000000000001,-0.8213214285714301,284.0,8.716666666666669,False,False,False,False,True,False,False,False,False,False,False
New Haven,South Central Connecticut,CT,9170.0,41.3113,-72.9246,565572.0,False,0.045,,-0.5519761904761893,31.0,9.883333333333333,False,False,False,False,True,False,False,False,False,False,False
Muskegon,Muskegon,MI,26121.0,43.2281,-86.2562,166847.0,False,0.039,0.14400000000000002,-0.7531666666666652,37.0,15.283333333333333,False,False,False,False,True,False,False,False,False,False,False
Montpelier,Washington,VT,50023.0,44.2659,-72.5717,8030.0,False,0.023,0.08800000000000001,-0.890785714285709,45.0,9.133333333333335,False,True,False,False,True,False,False,False,False,False,False
Montgomery County,,MD,,,,,,,,,,,,True,False,False,True,False,False,False,False,False,False
Plattsburgh,Clinton,NY,36019.0,44.6951,-73.4563,19907.0,False,0.044,0.151,-0.9301904761904787,95.0,8.316666666666666,False,False,False,False,True,False,False,False,False,False,False
Pinecrest,Miami-Dade,FL,12086.0,25.665,-80.3042,18279.0,True,0.031,0.152,1.8295714285714304,130.0,10.883333333333333,False,False,False,False,True,False,False,False,False,False,False
Palm Springs,Riverside,CA,6065.0,33.8017,-116.5382,44935.0,False,0.053,0.11599999999999999,-0.8213214285714301,284.0,8.716666666666669,False,False,False,False,True,False,False,False,False,False,False
Norfolk,,AR,,,,,,,,,,,,False,False,False,True,False,False,False,False,False,False
Niagara Falls,Niagara,NY,36063.0,43.0921,-79.0147,48502.0,False,0.044,0.13,-0.9301904761904787,95.0,8.316666666666666,False,False,False,False,True,False,False,False,False,False,False
Orange County,,CA,,,,,,,,,,,,False,False,False,True,False,False,False,False,False,False
King County,,WA,,,,,,,,,,,,False,True,False,True,False,False,False,False,False,True
Milwaukie,Clackamas,OR,41005.0,45.4445,-122.6219,21195.0,False,0.042,0.084,-1.1447023809523849,79.0,9.316666666666666,False,False,True,False,False,False,False,True,True,False,False
Brisbane,San Mateo,CA,6081.0,37.6902,-122.4021,4756.0,False,0.053,0.068,-0.8213214285714301,284.0,8.716666666666669,False,False,False,False,True,False,False,False,False,False,False
Saratoga Springs,Saratoga,NY,36091.0,43.0674,-73.7775,74339.0,False,0.044,0.077,-0.9301904761904787,95.0,8.316666666666666,False,False,True,False,False,False,False,True,False,False,False
